{
  "sanitized": true,
  "tables_processed": 1,
  "numbers_replaced": 28,
  "numbers_kept": 0,
  "prose_numbers_replaced": 0,
  "verified_values_count": 19,
  "replaced_samples": [
    "0.329568",
    "0.007731",
    "0.310362",
    "0.348774",
    "0.328826",
    "0.003230",
    "0.320801",
    "0.336851",
    "0.313442",
    "0.015531",
    "0.274866",
    "0.352018",
    "0.309385",
    "0.011721",
    "0.280273",
    "0.338497",
    "0.277988",
    "0.012082",
    "0.247975",
    "0.308001"
  ],
  "generated": "2026-03-30T16:43:14+00:00"
}